"0","#subset to remove samples deeper than a user-specified cut-off depth"
"0","cutoff <- 60"
"0","df_abund <- subset(df_abund, is.na(depth_max) | depth_max <= cutoff)"
"0",""
"0","#function to match data from WoRMS to the abundance datasets"
"0","load_worms <- function(x) {"
"0","  unique_aphias <- x %>%"
"0","    dplyr::select(aphia_id) %>%"
"0","    unique() %>%"
"0","    dplyr::mutate(aphia_id = as.integer(aphia_id))"
"0",""
"0","  "
"0","  if(file.exists(paste0(dir_main, ""aphia_ids_and_names_from_worms.csv""))){"
"0","    #load the file if it exists"
"0","    df_wms <- fread(paste0(dir_main, ""aphia_ids_and_names_from_worms.csv""))"
"0","    df_wms <- data.frame(lapply(df_wms, as.character), stringsAsFactors=FALSE)"
"0","  } else {"
"0","    #otherwise request data from WoRMS"
"0","    df_wms <- worms::wormsbyid(unique_aphias$aphia_id)"
"0","    df_wms <- data.frame(lapply(df_wms, as.character), stringsAsFactors=FALSE)"
"0","  }"
"0","  "
"0","  #check if all Aphia IDs in the dataset are present. If not, download the data again to update it."
"0","  if(!all(unique(x$aphia_id) %in% df_wms$AphiaID)){"
"0","      "
"0","      #find the additional missing IDs"
"0","      missing_ids <- sort(unique(x$aphia_id))[!sort(unique(x$aphia_id)) %in% df_wms$AphiaID]"
"0","      "
"0","      unique_aphias <- unique_aphias %>%"
"0","      filter(aphia_id %in% all_of(missing_ids))"
"0","     "
"0","      df_wms2 <- worms::wormsbyid(unique_aphias$aphia_id)"
"0","      df_wms2 <- data.frame(lapply(df_wms2, as.character), stringsAsFactors=FALSE)"
"0","  "
"0","      df_wms <- rbind(df_wms, df_wms2)"
"0","      fwrite(df_wms, paste0(dir_main, ""aphia_ids_and_names_from_worms.csv""))"
"0","}"
"0",""
"0","  return(df_wms)"
"0",""
"0","}"
"0",""
"0","df_wms <- load_worms(x=df_abund)"
"1","REQUESTING "
"1",""
"1","1957"
"1",""
"1"," ITEMS BY ID from World Register of Marine Species  (www.marinespecies.org), "
"1",""
"1","03/03/2022 09:20:49"
"1",""
"1"," (CC-BY)
"
"1",","
"1",""
"1","149280"
"1",","
"1",""
"1","149149"
"1",","
"1",""
"1","148899"
"1",","
"1",""
"1","591192"
"1",","
"1",""
"1","148985"
"1",","
"1",""
"1","146203"
"1",","
"1",""
"1","149054"
"1",","
"1",""
"1","149151"
"1",","
"1",""
"1","839991"
"1",","
"1",""
"1","162969"
"1","
"
"1",","
"1",""
"1","148949"
"1",","
"1",""
"1","148969"
"1",","
"1",""
"1","11"
"1",","
"1",""
"1","109393"
"1",","
"1",""
"1","149069"
"1",","
"1",""
"1","149170"
"1",","
"1",""
"1","148948"
"1",","
"1",""
"1","148963"
"1",","
"1",""
"1","603098"
"1",","
"1",""
"1","149130"
"1","
"
"1",","
"1",""
"1","149322"
"1",","
"1",""
"1","1322468"
"1",","
"1",""
"1","149271"
"1",","
"1",""
"1","149145"
"1",","
"1",""
"1","840627"
"1",","
"1",""
"1","149653"
"1",","
"1",""
"1","494057"
"1",","
"1",""
"1","840626"
"1",","
"1",""
"1","837459"
"1",","
"1",""
"1","582421"
"1","
"
"1",","
"1",""
"1","14260"
"1",","
"1",""
"1","1322472"
"1",","
"1",""
"1","148953"
"1",","
"1",""
"1","671778"
"1",","
"1",""
"1","149073"
"1",","
"1",""
"1","149134"
"1",","
"1",""
"1","447730"
"1",","
"1",""
"1","149137"
"1",","
"1",""
"1","149352"
"1",","
"1",""
"1","149042"
"1","
"
"1",","
"1",""
"1","149309"
"1",","
"1",""
"1","163067"
"1",","
"1",""
"1","149186"
"1",","
"1",""
"1","149037"
"1",","
"1",""
"1","110325"
"1",","
"1",""
"1","172431"
"1",","
"1",""
"1","345491"
"1",","
"1",""
"1","149221"
"1",","
"1",""
"1","149120"
"1",","
"1",""
"1","149167"
"1","
"
"1",","
"1",""
"1","110217"
"1",","
"1",""
"1","149241"
"1",","
"1",""
"1","110247"
"1",","
"1",""
"1","149110"
"1",","
"1",""
"1","149281"
"1",","
"1",""
"1","149342"
"1",","
"1",""
"1","180366"
"1",","
"1",""
"1","101195"
"1",","
"1",""
"1","183543"
"1",","
"1",""
"1","232546"
"1","
"
"1",","
"1",""
"1","478557"
"1",","
"1",""
"1","149018"
"1",","
"1",""
"1","109410"
"1",","
"1",""
"1","149123"
"1",","
"1",""
"1","592906"
"1",","
"1",""
"1","149065"
"1",","
"1",""
"1","109921"
"1",","
"1",""
"1","149285"
"1",","
"1",""
"1","156632"
"1",","
"1",""
"1","183574"
"1","
"
"1",","
"1",""
"1","157258"
"1",","
"1",""
"1","146421"
"1",","
"1",""
"1","106673"
"1",","
"1",""
"1","1080"
"1",","
"1",""
"1","115348"
"1",","
"1",""
"1","101"
"1",","
"1",""
"1","115341"
"1",","
"1",""
"1","106670"
"1",","
"1",""
"1","104241"
"1",","
"1",""
"1","1135"
"1","
"
"1",","
"1",""
"1","101361"
"1",","
"1",""
"1","1267"
"1",","
"1",""
"1","1486573"
"1",","
"1",""
"1","1101"
"1",","
"1",""
"1","1789"
"1",","
"1",""
"1","1248"
"1",","
"1",""
"1","101383"
"1",","
"1",""
"1","125464"
"1",","
"1",""
"1","11676"
"1",","
"1",""
"1","106671"
"1","
"
"1",","
"1",""
"1","119859"
"1",","
"1",""
"1","1076"
"1",","
"1",""
"1","251745"
"1",","
"1",""
"1","149338"
"1",","
"1",""
"1","109476"
"1",","
"1",""
"1","146222"
"1",","
"1",""
"1","115088"
"1",","
"1",""
"1","106303"
"1",","
"1",""
"1","160599"
"1",","
"1",""
"1","106305"
"1","
"
"1",","
"1",""
"1","148931"
"1",","
"1",""
"1","12"
"1",","
"1",""
"1","149219"
"1",","
"1",""
"1","149313"
"1",","
"1",""
"1","109475"
"1",","
"1",""
"1","149320"
"1",","
"1",""
"1","149045"
"1",","
"1",""
"1","149124"
"1",","
"1",""
"1","163880"
"1",","
"1",""
"1","109876"
"1","
"
"1",","
"1",""
"1","109885"
"1",","
"1",""
"1","110303"
"1",","
"1",""
"1","110245"
"1",","
"1",""
"1","149177"
"1",","
"1",""
"1","148919"
"1",","
"1",""
"1","149102"
"1",","
"1",""
"1","580116"
"1",","
"1",""
"1","149126"
"1",","
"1",""
"1","109837"
"1",","
"1",""
"1","119077"
"1","
"
"1",","
"1",""
"1","149071"
"1",","
"1",""
"1","149158"
"1",","
"1",""
"1","233592"
"1",","
"1",""
"1","110259"
"1",","
"1",""
"1","149200"
"1",","
"1",""
"1","156607"
"1",","
"1",""
"1","17657"
"1",","
"1",""
"1","109392"
"1",","
"1",""
"1","149100"
"1",","
"1",""
"1","248097"
"1","
"
"1",","
"1",""
"1","110213"
"1",","
"1",""
"1","109545"
"1",","
"1",""
"1","149159"
"1",","
"1",""
"1","109479"
"1",","
"1",""
"1","149012"
"1",","
"1",""
"1","115090"
"1",","
"1",""
"1","110244"
"1",","
"1",""
"1","109714"
"1",","
"1",""
"1","109831"
"1",","
"1",""
"1","109542"
"1","
"
"1",","
"1",""
"1","110214"
"1",","
"1",""
"1","162927"
"1",","
"1",""
"1","110153"
"1",","
"1",""
"1","149181"
"1",","
"1",""
"1","110208"
"1",","
"1",""
"1","110257"
"1",","
"1",""
"1","110172"
"1",","
"1",""
"1","109394"
"1",","
"1",""
"1","232069"
"1",","
"1",""
"1","175321"
"1","
"
"1",","
"1",""
"1","106285"
"1",","
"1",""
"1","106287"
"1",","
"1",""
"1","109889"
"1",","
"1",""
"1","149121"
"1",","
"1",""
"1","109637"
"1",","
"1",""
"1","101264"
"1",","
"1",""
"1","109470"
"1",","
"1",""
"1","148965"
"1",","
"1",""
"1","110152"
"1",","
"1",""
"1","148936"
"1","
"
"1",","
"1",""
"1","232376"
"1",","
"1",""
"1","149494"
"1",","
"1",""
"1","160602"
"1",","
"1",""
"1","149604"
"1",","
"1",""
"1","156623"
"1",","
"1",""
"1","157062"
"1",","
"1",""
"1","149150"
"1",","
"1",""
"1","148989"
"1",","
"1",""
"1","418547"
"1",","
"1",""
"1","160092"
"1","
"
"1",","
"1",""
"1","109515"
"1",","
"1",""
"1","149039"
"1",","
"1",""
"1","148942"
"1",","
"1",""
"1","163513"
"1",","
"1",""
"1","175320"
"1",","
"1",""
"1","109711"
"1",","
"1",""
"1","106310"
"1",","
"1",""
"1","157260"
"1",","
"1",""
"1","134559"
"1",","
"1",""
"1","148914"
"1","
"
"1",","
"1",""
"1","148913"
"1",","
"1",""
"1","19542"
"1",","
"1",""
"1","148954"
"1",","
"1",""
"1","149148"
"1",","
"1",""
"1","148905"
"1",","
"1",""
"1","149003"
"1",","
"1",""
"1","149291"
"1",","
"1",""
"1","149125"
"1",","
"1",""
"1","495363"
"1",","
"1",""
"1","149376"
"1","
"
"1",","
"1",""
"1","156621"
"1",","
"1",""
"1","160600"
"1",","
"1",""
"1","106306"
"1",","
"1",""
"1","149127"
"1",","
"1",""
"1","160584"
"1",","
"1",""
"1","149128"
"1",","
"1",""
"1","110209"
"1",","
"1",""
"1","110219"
"1",","
"1",""
"1","149631"
"1",","
"1",""
"1","110212"
"1","
"
"1",","
"1",""
"1","110238"
"1",","
"1",""
"1","109603"
"1",","
"1",""
"1","149111"
"1",","
"1",""
"1","156505"
"1",","
"1",""
"1","109571"
"1",","
"1",""
"1","134529"
"1",","
"1",""
"1","345531"
"1",","
"1",""
"1","841259"
"1",","
"1",""
"1","106282"
"1",","
"1",""
"1","118051"
"1","
"
"1",","
"1",""
"1","109754"
"1",","
"1",""
"1","149297"
"1",","
"1",""
"1","149119"
"1",","
"1",""
"1","233619"
"1",","
"1",""
"1","248129"
"1",","
"1",""
"1","110300"
"1",","
"1",""
"1","110316"
"1",","
"1",""
"1","109555"
"1",","
"1",""
"1","109506"
"1",","
"1",""
"1","160520"
"1","
"
"1",","
"1",""
"1","149122"
"1",","
"1",""
"1","157248"
"1",","
"1",""
"1","157430"
"1",","
"1",""
"1","109856"
"1",","
"1",""
"1","547544"
"1",","
"1",""
"1","109604"
"1",","
"1",""
"1","149236"
"1",","
"1",""
"1","149056"
"1",","
"1",""
"1","110155"
"1",","
"1",""
"1","110223"
"1","
"
"1",","
"1",""
"1","110210"
"1",","
"1",""
"1","699394"
"1",","
"1",""
"1","555052"
"1",","
"1",""
"1","17639"
"1",","
"1",""
"1","110015"
"1",","
"1",""
"1","156689"
"1",","
"1",""
"1","175794"
"1",","
"1",""
"1","156617"
"1",","
"1",""
"1","149129"
"1",","
"1",""
"1","149228"
"1","
"
"1",","
"1",""
"1","17640"
"1",","
"1",""
"1","837453"
"1",","
"1",""
"1","148991"
"1",","
"1",""
"1","109712"
"1",","
"1",""
"1","179786"
"1",","
"1",""
"1","109485"
"1",","
"1",""
"1","110321"
"1",","
"1",""
"1","149171"
"1",","
"1",""
"1","149286"
"1",","
"1",""
"1","109474"
"1","
"
"1",","
"1",""
"1","162519"
"1",","
"1",""
"1","109638"
"1",","
"1",""
"1","110234"
"1",","
"1",""
"1","163118"
"1",","
"1",""
"1","232703"
"1",","
"1",""
"1","160553"
"1",","
"1",""
"1","661267"
"1",","
"1",""
"1","109741"
"1",","
"1",""
"1","109616"
"1",","
"1",""
"1","163137"
"1","
"
"1",","
"1",""
"1","109627"
"1",","
"1",""
"1","156609"
"1",","
"1",""
"1","160521"
"1",","
"1",""
"1","110293"
"1",","
"1",""
"1","841260"
"1",","
"1",""
"1","109473"
"1",","
"1",""
"1","451665"
"1",","
"1",""
"1","233037"
"1",","
"1",""
"1","149038"
"1",","
"1",""
"1","149154"
"1","
"
"1",","
"1",""
"1","160542"
"1",","
"1",""
"1","163489"
"1",","
"1",""
"1","573543"
"1",","
"1",""
"1","341285"
"1",","
"1",""
"1","157463"
"1",","
"1",""
"1","582177"
"1",","
"1",""
"1","149060"
"1",","
"1",""
"1","149305"
"1",","
"1",""
"1","109723"
"1",","
"1",""
"1","149144"
"1","
"
"1",","
"1",""
"1","160538"
"1",","
"1",""
"1","149109"
"1",","
"1",""
"1","109540"
"1",","
"1",""
"1","110240"
"1",","
"1",""
"1","110229"
"1",","
"1",""
"1","232598"
"1",","
"1",""
"1","233776"
"1",","
"1",""
"1","233024"
"1",","
"1",""
"1","233620"
"1",","
"1",""
"1","146585"
"1","
"
"1",","
"1",""
"1","109518"
"1",","
"1",""
"1","345485"
"1",","
"1",""
"1","450723"
"1",","
"1",""
"1","109651"
"1",","
"1",""
"1","149570"
"1",","
"1",""
"1","886288"
"1",","
"1",""
"1","146537"
"1",","
"1",""
"1","1"
"1",","
"1",""
"1","109477"
"1",","
"1",""
"1","196815"
"1","
"
"1",","
"1",""
"1","391508"
"1",","
"1",""
"1","157256"
"1",","
"1",""
"1","248064"
"1",","
"1",""
"1","157240"
"1",","
"1",""
"1","235747"
"1",","
"1",""
"1","375970"
"1",","
"1",""
"1","178617"
"1",","
"1",""
"1","231788"
"1",","
"1",""
"1","248181"
"1",","
"1",""
"1","109564"
"1","
"
"1",","
"1",""
"1","341546"
"1",","
"1",""
"1","149333"
"1",","
"1",""
"1","149140"
"1",","
"1",""
"1","160519"
"1",","
"1",""
"1","149179"
"1",","
"1",""
"1","248058"
"1",","
"1",""
"1","478556"
"1",","
"1",""
"1","163862"
"1",","
"1",""
"1","110248"
"1",","
"1",""
"1","160561"
"1","
"
"1",","
"1",""
"1","178185"
"1",","
"1",""
"1","249711"
"1",","
"1",""
"1","109923"
"1",","
"1",""
"1","836581"
"1",","
"1",""
"1","246608"
"1",","
"1",""
"1","248081"
"1",","
"1",""
"1","576713"
"1",","
"1",""
"1","370367"
"1",","
"1",""
"1","962316"
"1",","
"1",""
"1","960559"
"1","
"
"1",","
"1",""
"1","149324"
"1",","
"1",""
"1","967945"
"1",","
"1",""
"1","962237"
"1",","
"1",""
"1","967041"
"1",","
"1",""
"1","967946"
"1",","
"1",""
"1","962746"
"1",","
"1",""
"1","162724"
"1",","
"1",""
"1","845296"
"1",","
"1",""
"1","109487"
"1",","
"1",""
"1","110215"
"1","
"
"1",","
"1",""
"1","110241"
"1",","
"1",""
"1","839996"
"1",","
"1",""
"1","841263"
"1",","
"1",""
"1","1391716"
"1",","
"1",""
"1","149011"
"1",","
"1",""
"1","149092"
"1",","
"1",""
"1","837075"
"1",","
"1",""
"1","646201"
"1",","
"1",""
"1","172460"
"1",","
"1",""
"1","1310442"
"1","
"
"1",","
"1",""
"1","965294"
"1",","
"1",""
"1","233805"
"1",","
"1",""
"1","882"
"1",","
"1",""
"1","1069"
"1",","
"1",""
"1","51"
"1",","
"1",""
"1","106674"
"1",","
"1",""
"1","1410"
"1",","
"1",""
"1","985570"
"1",","
"1",""
"1","345464"
"1",","
"1",""
"1","1304629"
"1","
"
"1",","
"1",""
"1","115059"
"1",","
"1",""
"1","115104"
"1",","
"1",""
"1","615516"
"1",","
"1",""
"1","345550"
"1",","
"1",""
"1","149755"
"1",","
"1",""
"1","142785"
"1",","
"1",""
"1","364368"
"1",","
"1",""
"1","107552"
"1",","
"1",""
"1","117535"
"1",","
"1",""
"1","106273"
"1","
"
"1",","
"1",""
"1","103375"
"1",","
"1",""
"1","1795"
"1",","
"1",""
"1","129697"
"1",","
"1",""
"1","13552"
"1",","
"1",""
"1","149669"
"1",","
"1",""
"1","152391"
"1",","
"1",""
"1","103407"
"1",","
"1",""
"1","106642"
"1",","
"1",""
"1","106656"
"1",","
"1",""
"1","123574"
"1","
"
"1",","
"1",""
"1","745865"
"1",","
"1",""
"1","129437"
"1",","
"1",""
"1","128549"
"1",","
"1",""
"1","104165"
"1",","
"1",""
"1","110427"
"1",","
"1",""
"1","5953"
"1",","
"1",""
"1","913"
"1",","
"1",""
"1","293496"
"1",","
"1",""
"1","13551"
"1",","
"1",""
"1","1434803"
"1","
"
"1",","
"1",""
"1","135566"
"1",","
"1",""
"1","125131"
"1",","
"1",""
"1","106264"
"1",","
"1",""
"1","129341"
"1",","
"1",""
"1","292684"
"1",","
"1",""
"1","117368"
"1",","
"1",""
"1","135301"
"1",","
"1",""
"1","116162"
"1",","
"1",""
"1","115403"
"1",","
"1",""
"1","123200"
"1","
"
"1",","
"1",""
"1","106437"
"1",","
"1",""
"1","129491"
"1",","
"1",""
"1","106277"
"1",","
"1",""
"1","104111"
"1",","
"1",""
"1","123219"
"1",","
"1",""
"1","137793"
"1",","
"1",""
"1","117034"
"1",","
"1",""
"1","117849"
"1",","
"1",""
"1","106386"
"1",","
"1",""
"1","107277"
"1","
"
"1",","
"1",""
"1","117848"
"1",","
"1",""
"1","104190"
"1",","
"1",""
"1","850801"
"1",","
"1",""
"1","107232"
"1",","
"1",""
"1","105443"
"1",","
"1",""
"1","123106"
"1",","
"1",""
"1","123613"
"1",","
"1",""
"1","104206"
"1",","
"1",""
"1","100684"
"1",","
"1",""
"1","117791"
"1","
"
"1",","
"1",""
"1","135344"
"1",","
"1",""
"1","106925"
"1",","
"1",""
"1","129370"
"1",","
"1",""
"1","117982"
"1",","
"1",""
"1","1416974"
"1",","
"1",""
"1","107381"
"1",","
"1",""
"1","129427"
"1",","
"1",""
"1","129455"
"1",","
"1",""
"1","123776"
"1",","
"1",""
"1","117521"
"1","
"
"1",","
"1",""
"1","126426"
"1",","
"1",""
"1","117561"
"1",","
"1",""
"1","126438"
"1",","
"1",""
"1","124319"
"1",","
"1",""
"1","117452"
"1",","
"1",""
"1","117321"
"1",","
"1",""
"1","117517"
"1",","
"1",""
"1","19494"
"1",","
"1",""
"1","117345"
"1",","
"1",""
"1","125537"
"1","
"
"1",","
"1",""
"1","117329"
"1",","
"1",""
"1","106889"
"1",","
"1",""
"1","107557"
"1",","
"1",""
"1","107742"
"1",","
"1",""
"1","104902"
"1",","
"1",""
"1","129471"
"1",","
"1",""
"1","107054"
"1",","
"1",""
"1","108343"
"1",","
"1",""
"1","107072"
"1",","
"1",""
"1","1106"
"1","
"
"1",","
"1",""
"1","106838"
"1",","
"1",""
"1","107739"
"1",","
"1",""
"1","22755"
"1",","
"1",""
"1","117015"
"1",","
"1",""
"1","106276"
"1",","
"1",""
"1","106272"
"1",","
"1",""
"1","108344"
"1",","
"1",""
"1","137247"
"1",","
"1",""
"1","107507"
"1",","
"1",""
"1","106854"
"1","
"
"1",","
"1",""
"1","107379"
"1",","
"1",""
"1","101839"
"1",","
"1",""
"1","131187"
"1",","
"1",""
"1","156611"
"1",","
"1",""
"1","163124"
"1",","
"1",""
"1","582209"
"1",","
"1",""
"1","149114"
"1",","
"1",""
"1","160530"
"1",","
"1",""
"1","601744"
"1",","
"1",""
"1","177576"
"1","
"
"1",","
"1",""
"1","149117"
"1",","
"1",""
"1","163048"
"1",","
"1",""
"1","985165"
"1",","
"1",""
"1","110007"
"1",","
"1",""
"1","961694"
"1",","
"1",""
"1","163243"
"1",","
"1",""
"1","162810"
"1",","
"1",""
"1","1382182"
"1",","
"1",""
"1","115484"
"1",","
"1",""
"1","106669"
"1","
"
"1",","
"1",""
"1","107007"
"1",","
"1",""
"1","106834"
"1",","
"1",""
"1","106346"
"1",","
"1",""
"1","1066"
"1",","
"1",""
"1","123386"
"1",","
"1",""
"1","142209"
"1",","
"1",""
"1","117804"
"1",","
"1",""
"1","1371"
"1",","
"1",""
"1","115470"
"1",","
"1",""
"1","107079"
"1","
"
"1",","
"1",""
"1","163288"
"1",","
"1",""
"1","246606"
"1",","
"1",""
"1","978230"
"1",","
"1",""
"1","231887"
"1",","
"1",""
"1","177588"
"1",","
"1",""
"1","148941"
"1",","
"1",""
"1","149232"
"1",","
"1",""
"1","962003"
"1",","
"1",""
"1","163261"
"1",","
"1",""
"1","160528"
"1","
"
"1",","
"1",""
"1","160531"
"1",","
"1",""
"1","966467"
"1",","
"1",""
"1","148944"
"1",","
"1",""
"1","971564"
"1",","
"1",""
"1","160513"
"1",","
"1",""
"1","115153"
"1",","
"1",""
"1","117030"
"1",","
"1",""
"1","101430"
"1",","
"1",""
"1","110398"
"1",","
"1",""
"1","106986"
"1","
"
"1",","
"1",""
"1","107010"
"1",","
"1",""
"1","106265"
"1",","
"1",""
"1","129659"
"1",","
"1",""
"1","163728"
"1",","
"1",""
"1","163224"
"1",","
"1",""
"1","1358"
"1",","
"1",""
"1","5"
"1",","
"1",""
"1","175400"
"1",","
"1",""
"1","163624"
"1",","
"1",""
"1","148955"
"1","
"
"1",","
"1",""
"1","1346683"
"1",","
"1",""
"1","160594"
"1",","
"1",""
"1","531446"
"1",","
"1",""
"1","163042"
"1",","
"1",""
"1","163226"
"1",","
"1",""
"1","129520"
"1",","
"1",""
"1","106976"
"1",","
"1",""
"1","105440"
"1",","
"1",""
"1","117082"
"1",","
"1",""
"1","107345"
"1","
"
"1",","
"1",""
"1","119780"
"1",","
"1",""
"1","341473"
"1",","
"1",""
"1","160585"
"1",","
"1",""
"1","627117"
"1",","
"1",""
"1","177590"
"1",","
"1",""
"1","163348"
"1",","
"1",""
"1","964359"
"1",","
"1",""
"1","118028"
"1",","
"1",""
"1","160567"
"1",","
"1",""
"1","146562"
"1","
"
"1",","
"1",""
"1","110156"
"1",","
"1",""
"1","575737"
"1",","
"1",""
"1","160595"
"1",","
"1",""
"1","17651"
"1",","
"1",""
"1","178611"
"1",","
"1",""
"1","249704"
"1",","
"1",""
"1","146715"
"1",","
"1",""
"1","146230"
"1",","
"1",""
"1","146619"
"1",","
"1",""
"1","146644"
"1","
"
"1",","
"1",""
"1","177112"
"1",","
"1",""
"1","177155"
"1",","
"1",""
"1","163131"
"1",","
"1",""
"1","146677"
"1",","
"1",""
"1","163247"
"1",","
"1",""
"1","163150"
"1",","
"1",""
"1","134545"
"1",","
"1",""
"1","163016"
"1",","
"1",""
"1","160552"
"1",","
"1",""
"1","177140"
"1","
"
"1",","
"1",""
"1","149308"
"1",","
"1",""
"1","160591"
"1",","
"1",""
"1","177572"
"1",","
"1",""
"1","146617"
"1",","
"1",""
"1","160524"
"1",","
"1",""
"1","976453"
"1",","
"1",""
"1","624955"
"1",","
"1",""
"1","109726"
"1",","
"1",""
"1","177595"
"1",","
"1",""
"1","162934"
"1","
"
"1",","
"1",""
"1","149014"
"1",","
"1",""
"1","106314"
"1",","
"1",""
"1","149623"
"1",","
"1",""
"1","160566"
"1",","
"1",""
"1","146590"
"1",","
"1",""
"1","177122"
"1",","
"1",""
"1","624695"
"1",","
"1",""
"1","146545"
"1",","
"1",""
"1","146546"
"1",","
"1",""
"1","609727"
"1","
"
"1",","
"1",""
"1","627627"
"1",","
"1",""
"1","109901"
"1",","
"1",""
"1","148922"
"1",","
"1",""
"1","128805"
"1",","
"1",""
"1","125080"
"1",","
"1",""
"1","104196"
"1",","
"1",""
"1","160523"
"1",","
"1",""
"1","1307640"
"1",","
"1",""
"1","148932"
"1",","
"1",""
"1","162770"
"1","
"
"1",","
"1",""
"1","135306"
"1",","
"1",""
"1","117070"
"1",","
"1",""
"1","104112"
"1",","
"1",""
"1","104495"
"1",","
"1",""
"1","104240"
"1",","
"1",""
"1","104879"
"1",","
"1",""
"1","130544"
"1",","
"1",""
"1","106122"
"1",","
"1",""
"1","149191"
"1",","
"1",""
"1","148923"
"1","
"
"1",","
"1",""
"1","985653"
"1",","
"1",""
"1","149294"
"1",","
"1",""
"1","110041"
"1",","
"1",""
"1","1820"
"1",","
"1",""
"1","107551"
"1",","
"1",""
"1","117515"
"1",","
"1",""
"1","136137"
"1",","
"1",""
"1","107388"
"1",","
"1",""
"1","130355"
"1",","
"1",""
"1","129472"
"1","
"
"1",","
"1",""
"1","107506"
"1",","
"1",""
"1","1381786"
"1",","
"1",""
"1","125606"
"1",","
"1",""
"1","163388"
"1",","
"1",""
"1","178594"
"1",","
"1",""
"1","176362"
"1",","
"1",""
"1","179790"
"1",","
"1",""
"1","106297"
"1",","
"1",""
"1","178582"
"1",","
"1",""
"1","119805"
"1","
"
"1",","
"1",""
"1","531467"
"1",","
"1",""
"1","148908"
"1",","
"1",""
"1","345919"
"1",","
"1",""
"1","346037"
"1",","
"1",""
"1","421139"
"1",","
"1",""
"1","134958"
"1",","
"1",""
"1","183533"
"1",","
"1",""
"1","156690"
"1",","
"1",""
"1","345943"
"1",","
"1",""
"1","175584"
"1","
"
"1",","
"1",""
"1","110487"
"1",","
"1",""
"1","1071"
"1",","
"1",""
"1","105408"
"1",","
"1",""
"1","549205"
"1",","
"1",""
"1","134941"
"1",","
"1",""
"1","1839"
"1",","
"1",""
"1","149782"
"1",","
"1",""
"1","148370"
"1",","
"1",""
"1","109907"
"1",","
"1",""
"1","149239"
"1","
"
"1",","
"1",""
"1","345475"
"1",","
"1",""
"1","573458"
"1",","
"1",""
"1","116115"
"1",","
"1",""
"1","115805"
"1",","
"1",""
"1","104513"
"1",","
"1",""
"1","107647"
"1",","
"1",""
"1","127143"
"1",","
"1",""
"1","126421"
"1",","
"1",""
"1","115273"
"1",","
"1",""
"1","135302"
"1","
"
"1",","
"1",""
"1","2036"
"1",","
"1",""
"1","116452"
"1",","
"1",""
"1","123426"
"1",","
"1",""
"1","117491"
"1",","
"1",""
"1","233870"
"1",","
"1",""
"1","233231"
"1",","
"1",""
"1","106274"
"1",","
"1",""
"1","129619"
"1",","
"1",""
"1","134798"
"1",","
"1",""
"1","117328"
"1","
"
"1",","
"1",""
"1","232516"
"1",","
"1",""
"1","106289"
"1",","
"1",""
"1","487770"
"1",","
"1",""
"1","163019"
"1",","
"1",""
"1","961873"
"1",","
"1",""
"1","635472"
"1",","
"1",""
"1","624247"
"1",","
"1",""
"1","969455"
"1",","
"1",""
"1","626298"
"1",","
"1",""
"1","106271"
"1","
"
"1",","
"1",""
"1","624961"
"1",","
"1",""
"1","623645"
"1",","
"1",""
"1","163101"
"1",","
"1",""
"1","247981"
"1",","
"1",""
"1","105410"
"1",","
"1",""
"1","117388"
"1",","
"1",""
"1","148925"
"1",","
"1",""
"1","345492"
"1",","
"1",""
"1","376667"
"1",","
"1",""
"1","418510"
"1","
"
"1",","
"1",""
"1","614618"
"1",","
"1",""
"1","106281"
"1",","
"1",""
"1","106295"
"1",","
"1",""
"1","149057"
"1",","
"1",""
"1","134526"
"1",","
"1",""
"1","149325"
"1",","
"1",""
"1","149467"
"1",","
"1",""
"1","163932"
"1",","
"1",""
"1","178583"
"1",","
"1",""
"1","110652"
"1","
"
"1",","
"1",""
"1","118047"
"1",","
"1",""
"1","233369"
"1",","
"1",""
"1","8012"
"1",","
"1",""
"1","162823"
"1",","
"1",""
"1","547527"
"1",","
"1",""
"1","149163"
"1",","
"1",""
"1","134566"
"1",","
"1",""
"1","149334"
"1",","
"1",""
"1","232859"
"1",","
"1",""
"1","503615"
"1","
"
"1",","
"1",""
"1","621601"
"1",","
"1",""
"1","623576"
"1",","
"1",""
"1","162716"
"1",","
"1",""
"1","162726"
"1",","
"1",""
"1","232765"
"1",","
"1",""
"1","614620"
"1",","
"1",""
"1","464444"
"1",","
"1",""
"1","160582"
"1",","
"1",""
"1","670030"
"1",","
"1",""
"1","109854"
"1","
"
"1",","
"1",""
"1","576237"
"1",","
"1",""
"1","149099"
"1",","
"1",""
"1","624607"
"1",","
"1",""
"1","109826"
"1",","
"1",""
"1","345481"
"1",","
"1",""
"1","163161"
"1",","
"1",""
"1","163055"
"1",","
"1",""
"1","232110"
"1",","
"1",""
"1","233761"
"1",","
"1",""
"1","109992"
"1","
"
"1",","
"1",""
"1","109705"
"1",","
"1",""
"1","115126"
"1",","
"1",""
"1","248118"
"1",","
"1",""
"1","110260"
"1",","
"1",""
"1","115106"
"1",","
"1",""
"1","235913"
"1",","
"1",""
"1","163100"
"1",","
"1",""
"1","163975"
"1",","
"1",""
"1","248158"
"1",","
"1",""
"1","164061"
"1","
"
"1",","
"1",""
"1","178956"
"1",","
"1",""
"1","178613"
"1",","
"1",""
"1","177583"
"1",","
"1",""
"1","447750"
"1",","
"1",""
"1","248170"
"1",","
"1",""
"1","178595"
"1",","
"1",""
"1","450729"
"1",","
"1",""
"1","232998"
"1",","
"1",""
"1","248121"
"1",","
"1",""
"1","149289"
"1","
"
"1",","
"1",""
"1","110216"
"1",","
"1",""
"1","162740"
"1",","
"1",""
"1","163112"
"1",","
"1",""
"1","156615"
"1",","
"1",""
"1","708293"
"1",","
"1",""
"1","149506"
"1",","
"1",""
"1","160522"
"1",","
"1",""
"1","149503"
"1",","
"1",""
"1","235922"
"1",","
"1",""
"1","110266"
"1","
"
"1",","
"1",""
"1","178625"
"1",","
"1",""
"1","110314"
"1",","
"1",""
"1","146565"
"1",","
"1",""
"1","115060"
"1",","
"1",""
"1","699623"
"1",","
"1",""
"1","109549"
"1",","
"1",""
"1","109902"
"1",","
"1",""
"1","235802"
"1",","
"1",""
"1","577493"
"1",","
"1",""
"1","577901"
"1","
"
"1",","
"1",""
"1","110220"
"1",","
"1",""
"1","110301"
"1",","
"1",""
"1","160590"
"1",","
"1",""
"1","160543"
"1",","
"1",""
"1","146577"
"1",","
"1",""
"1","688422"
"1",","
"1",""
"1","232298"
"1",","
"1",""
"1","109819"
"1",","
"1",""
"1","233782"
"1",","
"1",""
"1","177482"
"1","
"
"1",","
"1",""
"1","110045"
"1",","
"1",""
"1","149282"
"1",","
"1",""
"1","149043"
"1",","
"1",""
"1","118075"
"1",","
"1",""
"1","146552"
"1",","
"1",""
"1","146557"
"1",","
"1",""
"1","615467"
"1",","
"1",""
"1","160572"
"1",","
"1",""
"1","248166"
"1",","
"1",""
"1","134524"
"1","
"
"1",","
"1",""
"1","109491"
"1",","
"1",""
"1","149001"
"1",","
"1",""
"1","163292"
"1",","
"1",""
"1","596169"
"1",","
"1",""
"1","148961"
"1",","
"1",""
"1","17111"
"1",","
"1",""
"1","160527"
"1",","
"1",""
"1","160562"
"1",","
"1",""
"1","162707"
"1",","
"1",""
"1","160556"
"1","
"
"1",","
"1",""
"1","160578"
"1",","
"1",""
"1","162706"
"1",","
"1",""
"1","149214"
"1",","
"1",""
"1","163474"
"1",","
"1",""
"1","676459"
"1",","
"1",""
"1","109435"
"1",","
"1",""
"1","19539"
"1",","
"1",""
"1","110233"
"1",","
"1",""
"1","146549"
"1",","
"1",""
"1","149046"
"1","
"
"1",","
"1",""
"1","160537"
"1",","
"1",""
"1","162935"
"1",","
"1",""
"1","178962"
"1",","
"1",""
"1","653879"
"1",","
"1",""
"1","148898"
"1",","
"1",""
"1","146542"
"1",","
"1",""
"1","163839"
"1",","
"1",""
"1","148911"
"1",","
"1",""
"1","178933"
"1",","
"1",""
"1","160592"
"1","
"
"1",","
"1",""
"1","493993"
"1",","
"1",""
"1","160550"
"1",","
"1",""
"1","146543"
"1",","
"1",""
"1","593826"
"1",","
"1",""
"1","148967"
"1",","
"1",""
"1","802"
"1",","
"1",""
"1","603675"
"1",","
"1",""
"1","801"
"1",","
"1",""
"1","136761"
"1",","
"1",""
"1","369190"
"1","
"
"1",","
"1",""
"1","149317"
"1",","
"1",""
"1","160577"
"1",","
"1",""
"1","17329"
"1",","
"1",""
"1","248139"
"1",","
"1",""
"1","160581"
"1",","
"1",""
"1","115057"
"1",","
"1",""
"1","156625"
"1",","
"1",""
"1","149013"
"1",","
"1",""
"1","149101"
"1",","
"1",""
"1","162980"
"1","
"
"1",","
"1",""
"1","146602"
"1",","
"1",""
"1","149044"
"1",","
"1",""
"1","345526"
"1",","
"1",""
"1","175425"
"1",","
"1",""
"1","149180"
"1",","
"1",""
"1","162544"
"1",","
"1",""
"1","671423"
"1",","
"1",""
"1","162728"
"1",","
"1",""
"1","148900"
"1",","
"1",""
"1","110304"
"1","
"
"1",","
"1",""
"1","149387"
"1",","
"1",""
"1","110332"
"1",","
"1",""
"1","156598"
"1",","
"1",""
"1","248146"
"1",","
"1",""
"1","17793"
"1",","
"1",""
"1","109899"
"1",","
"1",""
"1","886274"
"1",","
"1",""
"1","149538"
"1",","
"1",""
"1","576706"
"1",","
"1",""
"1","106283"
"1","
"
"1",","
"1",""
"1","148959"
"1",","
"1",""
"1","1442452"
"1",","
"1",""
"1","840518"
"1",","
"1",""
"1","149292"
"1",","
"1",""
"1","144202"
"1",","
"1",""
"1","163780"
"1",","
"1",""
"1","341692"
"1",","
"1",""
"1","240437"
"1",","
"1",""
"1","732820"
"1",","
"1",""
"1","101209"
"1","
"
"1",","
"1",""
"1","341301"
"1",","
"1",""
"1","183566"
"1",","
"1",""
"1","247943"
"1",","
"1",""
"1","292899"
"1",","
"1",""
"1","248096"
"1",","
"1",""
"1","961769"
"1",","
"1",""
"1","178825"
"1",","
"1",""
"1","101289"
"1",","
"1",""
"1","101196"
"1",","
"1",""
"1","109851"
"1","
"
"1",","
"1",""
"1","101342"
"1",","
"1",""
"1","292897"
"1",","
"1",""
"1","163782"
"1",","
"1",""
"1","179320"
"1",","
"1",""
"1","233469"
"1",","
"1",""
"1","156548"
"1",","
"1",""
"1","235993"
"1",","
"1",""
"1","101180"
"1",","
"1",""
"1","417214"
"1",","
"1",""
"1","105506"
"1","
"
"1",","
"1",""
"1","105571"
"1",","
"1",""
"1","105588"
"1",","
"1",""
"1","465390"
"1",","
"1",""
"1","595083"
"1",","
"1",""
"1","248110"
"1",","
"1",""
"1","172434"
"1",","
"1",""
"1","425626"
"1",","
"1",""
"1","427725"
"1",","
"1",""
"1","572032"
"1",","
"1",""
"1","427430"
"1","
"
"1",","
"1",""
"1","21000"
"1",","
"1",""
"1","160563"
"1",","
"1",""
"1","160569"
"1",","
"1",""
"1","414712"
"1",","
"1",""
"1","961776"
"1",","
"1",""
"1","961899"
"1",","
"1",""
"1","105541"
"1",","
"1",""
"1","961865"
"1",","
"1",""
"1","101185"
"1",","
"1",""
"1","179321"
"1","
"
"1",","
"1",""
"1","163913"
"1",","
"1",""
"1","464449"
"1",","
"1",""
"1","625371"
"1",","
"1",""
"1","625430"
"1",","
"1",""
"1","233804"
"1",","
"1",""
"1","616373"
"1",","
"1",""
"1","149222"
"1",","
"1",""
"1","345461"
"1",","
"1",""
"1","961743"
"1",","
"1",""
"1","118014"
"1","
"
"1",","
"1",""
"1","196835"
"1",","
"1",""
"1","162749"
"1",","
"1",""
"1","3"
"1",","
"1",""
"1","105513"
"1",","
"1",""
"1","101325"
"1",","
"1",""
"1","146192"
"1",","
"1",""
"1","134564"
"1",","
"1",""
"1","105535"
"1",","
"1",""
"1","103990"
"1",","
"1",""
"1","232837"
"1","
"
"1",","
"1",""
"1","105574"
"1",","
"1",""
"1","410617"
"1",","
"1",""
"1","101273"
"1",","
"1",""
"1","418143"
"1",","
"1",""
"1","134533"
"1",","
"1",""
"1","254723"
"1",","
"1",""
"1","235761"
"1",","
"1",""
"1","110198"
"1",","
"1",""
"1","105561"
"1",","
"1",""
"1","291417"
"1","
"
"1",","
"1",""
"1","232076"
"1",","
"1",""
"1","156511"
"1",","
"1",""
"1","101198"
"1",","
"1",""
"1","345439"
"1",","
"1",""
"1","143943"
"1",","
"1",""
"1","494309"
"1",","
"1",""
"1","110154"
"1",","
"1",""
"1","146551"
"1",","
"1",""
"1","146541"
"1",","
"1",""
"1","105536"
"1","
"
"1",","
"1",""
"1","149314"
"1",","
"1",""
"1","345506"
"1",","
"1",""
"1","163126"
"1",","
"1",""
"1","1356513"
"1",","
"1",""
"1","110249"
"1",","
"1",""
"1","157428"
"1",","
"1",""
"1","178623"
"1",","
"1",""
"1","18526"
"1",","
"1",""
"1","177108"
"1",","
"1",""
"1","178610"
"1","
"
"1",","
"1",""
"1","576275"
"1",","
"1",""
"1","163108"
"1",","
"1",""
"1","149616"
"1",","
"1",""
"1","160564"
"1",","
"1",""
"1","149346"
"1",","
"1",""
"1","162725"
"1",","
"1",""
"1","571998"
"1",","
"1",""
"1","961816"
"1",","
"1",""
"1","1055143"
"1",","
"1",""
"1","110205"
"1","
"
"1",","
"1",""
"1","447744"
"1",","
"1",""
"1","109500"
"1",","
"1",""
"1","248099"
"1",","
"1",""
"1","163934"
"1",","
"1",""
"1","427420"
"1",","
"1",""
"1","249689"
"1",","
"1",""
"1","146624"
"1",","
"1",""
"1","966480"
"1",","
"1",""
"1","625374"
"1",","
"1",""
"1","175326"
"1","
"
"1",","
"1",""
"1","156533"
"1",","
"1",""
"1","118073"
"1",","
"1",""
"1","495660"
"1",","
"1",""
"1","495659"
"1",","
"1",""
"1","495674"
"1",","
"1",""
"1","425497"
"1",","
"1",""
"1","164108"
"1",","
"1",""
"1","160555"
"1",","
"1",""
"1","156691"
"1",","
"1",""
"1","465524"
"1","
"
"1",","
"1",""
"1","232943"
"1",","
"1",""
"1","495630"
"1",","
"1",""
"1","233180"
"1",","
"1",""
"1","495702"
"1",","
"1",""
"1","495685"
"1",","
"1",""
"1","110115"
"1",","
"1",""
"1","109662"
"1",","
"1",""
"1","495666"
"1",","
"1",""
"1","110103"
"1",","
"1",""
"1","149288"
"1","
"
"1",","
"1",""
"1","162793"
"1",","
"1",""
"1","110328"
"1",","
"1",""
"1","495646"
"1",","
"1",""
"1","495671"
"1",","
"1",""
"1","109612"
"1",","
"1",""
"1","233868"
"1",","
"1",""
"1","196831"
"1",","
"1",""
"1","110035"
"1",","
"1",""
"1","110085"
"1",","
"1",""
"1","110116"
"1","
"
"1",","
"1",""
"1","149022"
"1",","
"1",""
"1","110005"
"1",","
"1",""
"1","163249"
"1",","
"1",""
"1","110206"
"1",","
"1",""
"1","495678"
"1",","
"1",""
"1","418646"
"1",","
"1",""
"1","341566"
"1",","
"1",""
"1","495704"
"1",","
"1",""
"1","495633"
"1",","
"1",""
"1","495675"
"1","
"
"1",","
"1",""
"1","495680"
"1",","
"1",""
"1","149194"
"1",","
"1",""
"1","149335"
"1",","
"1",""
"1","109790"
"1",","
"1",""
"1","232491"
"1",","
"1",""
"1","495696"
"1",","
"1",""
"1","109466"
"1",","
"1",""
"1","163250"
"1",","
"1",""
"1","110295"
"1",","
"1",""
"1","149210"
"1","
"
"1",","
"1",""
"1","110122"
"1",","
"1",""
"1","394598"
"1",","
"1",""
"1","375790"
"1",","
"1",""
"1","109859"
"1",","
"1",""
"1","110251"
"1",","
"1",""
"1","110097"
"1",","
"1",""
"1","110250"
"1",","
"1",""
"1","148902"
"1",","
"1",""
"1","233061"
"1",","
"1",""
"1","110199"
"1","
"
"1",","
"1",""
"1","610206"
"1",","
"1",""
"1","149143"
"1",","
"1",""
"1","495664"
"1",","
"1",""
"1","418222"
"1",","
"1",""
"1","110298"
"1",","
"1",""
"1","149311"
"1",","
"1",""
"1","110077"
"1",","
"1",""
"1","495673"
"1",","
"1",""
"1","495640"
"1",","
"1",""
"1","109507"
"1","
"
"1",","
"1",""
"1","109527"
"1",","
"1",""
"1","110201"
"1",","
"1",""
"1","232259"
"1",","
"1",""
"1","109784"
"1",","
"1",""
"1","232625"
"1",","
"1",""
"1","581938"
"1",","
"1",""
"1","495635"
"1",","
"1",""
"1","232931"
"1",","
"1",""
"1","110311"
"1",","
"1",""
"1","495662"
"1","
"
"1",","
"1",""
"1","495663"
"1",","
"1",""
"1","109693"
"1",","
"1",""
"1","109530"
"1",","
"1",""
"1","341496"
"1",","
"1",""
"1","110082"
"1",","
"1",""
"1","577792"
"1",","
"1",""
"1","149340"
"1",","
"1",""
"1","109510"
"1",","
"1",""
"1","495385"
"1",","
"1",""
"1","418647"
"1","
"
"1",","
"1",""
"1","109890"
"1",","
"1",""
"1","178229"
"1",","
"1",""
"1","109843"
"1",","
"1",""
"1","149147"
"1",","
"1",""
"1","573497"
"1",","
"1",""
"1","110094"
"1",","
"1",""
"1","110302"
"1",","
"1",""
"1","149195"
"1",","
"1",""
"1","110312"
"1",","
"1",""
"1","233357"
"1","
"
"1",","
"1",""
"1","495679"
"1",","
"1",""
"1","163047"
"1",","
"1",""
"1","109512"
"1",","
"1",""
"1","172836"
"1",","
"1",""
"1","555264"
"1",","
"1",""
"1","231888"
"1",","
"1",""
"1","109624"
"1",","
"1",""
"1","232824"
"1",","
"1",""
"1","149002"
"1",","
"1",""
"1","232261"
"1","
"
"1",","
"1",""
"1","232492"
"1",","
"1",""
"1","104685"
"1",","
"1",""
"1","106652"
"1",","
"1",""
"1","104515"
"1",","
"1",""
"1","237984"
"1",","
"1",""
"1","346510"
"1",","
"1",""
"1","128938"
"1",","
"1",""
"1","128806"
"1",","
"1",""
"1","149718"
"1",","
"1",""
"1","293852"
"1","
"
"1",","
"1",""
"1","104521"
"1",","
"1",""
"1","104673"
"1",","
"1",""
"1","106651"
"1",","
"1",""
"1","325345"
"1",","
"1",""
"1","104793"
"1",","
"1",""
"1","128821"
"1",","
"1",""
"1","107188"
"1",","
"1",""
"1","732976"
"1",","
"1",""
"1","116116"
"1",","
"1",""
"1","104519"
"1","
"
"1",","
"1",""
"1","128819"
"1",","
"1",""
"1","2"
"1",","
"1",""
"1","115508"
"1",","
"1",""
"1","104171"
"1",","
"1",""
"1","128939"
"1",","
"1",""
"1","732868"
"1",","
"1",""
"1","104651"
"1",","
"1",""
"1","196078"
"1",","
"1",""
"1","104502"
"1",","
"1",""
"1","128797"
"1","
"
"1",","
"1",""
"1","104509"
"1",","
"1",""
"1","160541"
"1",","
"1",""
"1","576884"
"1",","
"1",""
"1","7"
"1",","
"1",""
"1","148994"
"1",","
"1",""
"1","178609"
"1",","
"1",""
"1","292896"
"1",","
"1",""
"1","148960"
"1",","
"1",""
"1","109415"
"1",","
"1",""
"1","149182"
"1","
"
"1",","
"1",""
"1","149213"
"1",","
"1",""
"1","149183"
"1",","
"1",""
"1","600926"
"1",","
"1",""
"1","160588"
"1",","
"1",""
"1","148945"
"1",","
"1",""
"1","115061"
"1",","
"1",""
"1","148952"
"1",","
"1",""
"1","231884"
"1",","
"1",""
"1","149164"
"1",","
"1",""
"1","149032"
"1","
"
"1",","
"1",""
"1","418636"
"1",","
"1",""
"1","231845"
"1",","
"1",""
"1","149105"
"1",","
"1",""
"1","149357"
"1",","
"1",""
"1","110001"
"1",","
"1",""
"1","248140"
"1",","
"1",""
"1","109557"
"1",","
"1",""
"1","604918"
"1",","
"1",""
"1","110139"
"1",","
"1",""
"1","549213"
"1","
"
"1",","
"1",""
"1","577860"
"1",","
"1",""
"1","163938"
"1",","
"1",""
"1","149587"
"1",","
"1",""
"1","573954"
"1",","
"1",""
"1","177506"
"1",","
"1",""
"1","601010"
"1",","
"1",""
"1","163339"
"1",","
"1",""
"1","163390"
"1",","
"1",""
"1","248137"
"1",","
"1",""
"1","162715"
"1","
"
"1",","
"1",""
"1","109717"
"1",","
"1",""
"1","233165"
"1",","
"1",""
"1","134528"
"1",","
"1",""
"1","248098"
"1",","
"1",""
"1","232778"
"1",","
"1",""
"1","175749"
"1",","
"1",""
"1","110131"
"1",","
"1",""
"1","233050"
"1",","
"1",""
"1","136903"
"1",","
"1",""
"1","110130"
"1","
"
"1",","
"1",""
"1","341472"
"1",","
"1",""
"1","983525"
"1",","
"1",""
"1","115075"
"1",","
"1",""
"1","179616"
"1",","
"1",""
"1","233635"
"1",","
"1",""
"1","232861"
"1",","
"1",""
"1","573486"
"1",","
"1",""
"1","231803"
"1",","
"1",""
"1","233194"
"1",","
"1",""
"1","178949"
"1","
"
"1",","
"1",""
"1","149493"
"1",","
"1",""
"1","172469"
"1",","
"1",""
"1","162954"
"1",","
"1",""
"1","109894"
"1",","
"1",""
"1","109575"
"1",","
"1",""
"1","1305343"
"1",","
"1",""
"1","110038"
"1",","
"1",""
"1","233447"
"1",","
"1",""
"1","375883"
"1",","
"1",""
"1","175750"
"1","
"
"1",","
"1",""
"1","577639"
"1",","
"1",""
"1","143790"
"1",","
"1",""
"1","601293"
"1",","
"1",""
"1","109928"
"1",","
"1",""
"1","394840"
"1",","
"1",""
"1","837455"
"1",","
"1",""
"1","345436"
"1",","
"1",""
"1","149391"
"1",","
"1",""
"1","992757"
"1",","
"1",""
"1","110218"
"1","
"
"1",","
"1",""
"1","110239"
"1",","
"1",""
"1","109710"
"1",","
"1",""
"1","149336"
"1",","
"1",""
"1","156580"
"1",","
"1",""
"1","178126"
"1",","
"1",""
"1","699554"
"1",","
"1",""
"1","627304"
"1",","
"1",""
"1","157069"
"1",","
"1",""
"1","595701"
"1",","
"1",""
"1","411764"
"1","
"
"1",","
"1",""
"1","110273"
"1",","
"1",""
"1","376565"
"1",","
"1",""
"1","577723"
"1",","
"1",""
"1","178215"
"1",","
"1",""
"1","249721"
"1",","
"1",""
"1","163026"
"1",","
"1",""
"1","163347"
"1",","
"1",""
"1","148929"
"1",","
"1",""
"1","699641"
"1",","
"1",""
"1","163478"
"1","
"
"1",","
"1",""
"1","160651"
"1",","
"1",""
"1","622311"
"1",","
"1",""
"1","1305351"
"1",","
"1",""
"1","246604"
"1",","
"1",""
"1","149513"
"1",","
"1",""
"1","110204"
"1",","
"1",""
"1","163494"
"1",","
"1",""
"1","172813"
"1",","
"1",""
"1","157076"
"1",","
"1",""
"1","531445"
"1","
"
"1",","
"1",""
"1","232532"
"1",","
"1",""
"1","233778"
"1",","
"1",""
"1","376084"
"1",","
"1",""
"1","345881"
"1",","
"1",""
"1","110102"
"1",","
"1",""
"1","341609"
"1",","
"1",""
"1","149662"
"1",","
"1",""
"1","109731"
"1",","
"1",""
"1","149602"
"1",","
"1",""
"1","345882"
"1","
"
"1",","
"1",""
"1","663187"
"1",","
"1",""
"1","149517"
"1",","
"1",""
"1","839791"
"1",","
"1",""
"1","178600"
"1",","
"1",""
"1","233615"
"1",","
"1",""
"1","624065"
"1",","
"1",""
"1","110127"
"1",","
"1",""
"1","656295"
"1",","
"1",""
"1","110138"
"1",","
"1",""
"1","418591"
"1","
"
"1",","
"1",""
"1","134563"
"1",","
"1",""
"1","134562"
"1",","
"1",""
"1","134530"
"1",","
"1",""
"1","836528"
"1",","
"1",""
"1","156692"
"1",","
"1",""
"1","115128"
"1",","
"1",""
"1","179674"
"1",","
"1",""
"1","536209"
"1",","
"1",""
"1","578432"
"1",","
"1",""
"1","623754"
"1","
"
"1",","
"1",""
"1","178919"
"1",","
"1",""
"1","163403"
"1",","
"1",""
"1","149648"
"1",","
"1",""
"1","233144"
"1",","
"1",""
"1","376083"
"1",","
"1",""
"1","577887"
"1",","
"1",""
"1","547730"
"1",","
"1",""
"1","841287"
"1",","
"1",""
"1","376082"
"1",","
"1",""
"1","249722"
"1","
"
"1",","
"1",""
"1","232897"
"1",","
"1",""
"1","232880"
"1",","
"1",""
"1","599705"
"1",","
"1",""
"1","613078"
"1",","
"1",""
"1","231789"
"1",","
"1",""
"1","157072"
"1",","
"1",""
"1","137294"
"1",","
"1",""
"1","176385"
"1",","
"1",""
"1","176540"
"1",","
"1",""
"1","370563"
"1","
"
"1",","
"1",""
"1","148909"
"1",","
"1",""
"1","610883"
"1",","
"1",""
"1","418624"
"1",","
"1",""
"1","447745"
"1",","
"1",""
"1","104003"
"1",","
"1",""
"1","572080"
"1",","
"1",""
"1","149079"
"1",","
"1",""
"1","148996"
"1",","
"1",""
"1","573645"
"1",","
"1",""
"1","149051"
"1","
"
"1",","
"1",""
"1","576705"
"1",","
"1",""
"1","685949"
"1",","
"1",""
"1","110284"
"1",","
"1",""
"1","1304621"
"1",","
"1",""
"1","613733"
"1",","
"1",""
"1","574064"
"1",","
"1",""
"1","163246"
"1",","
"1",""
"1","149515"
"1",","
"1",""
"1","577876"
"1",","
"1",""
"1","578433"
"1","
"
"1",","
"1",""
"1","248153"
"1",","
"1",""
"1","178619"
"1",","
"1",""
"1","622906"
"1",","
"1",""
"1","625000"
"1",","
"1",""
"1","177508"
"1",","
"1",""
"1","248126"
"1",","
"1",""
"1","149553"
"1",","
"1",""
"1","163458"
"1",","
"1",""
"1","447753"
"1",","
"1",""
"1","115063"
"1","
"
"1",","
"1",""
"1","248111"
"1",","
"1",""
"1","627101"
"1",","
"1",""
"1","617246"
"1",","
"1",""
"1","558764"
"1",","
"1",""
"1","610933"
"1",","
"1",""
"1","555806"
"1",","
"1",""
"1","624707"
"1",","
"1",""
"1","163433"
"1",","
"1",""
"1","610852"
"1",","
"1",""
"1","622903"
"1","
"
"1",","
"1",""
"1","162713"
"1",","
"1",""
"1","824"
"1",","
"1",""
"1","615660"
"1",","
"1",""
"1","416120"
"1",","
"1",""
"1","249713"
"1",","
"1",""
"1","601058"
"1",","
"1",""
"1","839181"
"1",","
"1",""
"1","647495"
"1",","
"1",""
"1","578241"
"1",","
"1",""
"1","623532"
"1","
"
"1",","
"1",""
"1","248171"
"1",","
"1",""
"1","610196"
"1",","
"1",""
"1","612499"
"1",","
"1",""
"1","610880"
"1",","
"1",""
"1","623440"
"1",","
"1",""
"1","177592"
"1",","
"1",""
"1","626939"
"1",","
"1",""
"1","578246"
"1",","
"1",""
"1","1304625"
"1",","
"1",""
"1","370197"
"1","
"
"1",","
"1",""
"1","164096"
"1",","
"1",""
"1","157246"
"1",","
"1",""
"1","160551"
"1",","
"1",""
"1","149360"
"1",","
"1",""
"1","688930"
"1",","
"1",""
"1","172484"
"1",","
"1",""
"1","248172"
"1",","
"1",""
"1","602738"
"1",","
"1",""
"1","176393"
"1",","
"1",""
"1","578354"
"1","
"
"1",","
"1",""
"1","163479"
"1",","
"1",""
"1","390664"
"1",","
"1",""
"1","1415683"
"1",","
"1",""
"1","146568"
"1",","
"1",""
"1","248147"
"1",","
"1",""
"1","180325"
"1",","
"1",""
"1","176420"
"1",","
"1",""
"1","572025"
"1",","
"1",""
"1","609902"
"1",","
"1",""
"1","577877"
"1","
"
"1",","
"1",""
"1","625385"
"1",","
"1",""
"1","666617"
"1",","
"1",""
"1","143798"
"1",","
"1",""
"1","390665"
"1",","
"1",""
"1","971749"
"1",","
"1",""
"1","668512"
"1",","
"1",""
"1","109745"
"1",","
"1",""
"1","110079"
"1",","
"1",""
"1","148937"
"1",","
"1",""
"1","109438"
"1","
"
"1",","
"1",""
"1","149243"
"1",","
"1",""
"1","149321"
"1",","
"1",""
"1","610251"
"1",","
"1",""
"1","577861"
"1",","
"1",""
"1","134535"
"1",","
"1",""
"1","1360343"
"1",","
"1",""
"1","157254"
"1",","
"1",""
"1","447746"
"1",","
"1",""
"1","838720"
"1",","
"1",""
"1","664269"
"1","
"
"1",","
"1",""
"1","640124"
"1",","
"1",""
"1","837446"
"1",","
"1",""
"1","578372"
"1",","
"1",""
"1","248134"
"1",","
"1",""
"1","146603"
"1",","
"1",""
"1","577812"
"1",","
"1",""
"1","163110"
"1",","
"1",""
"1","160575"
"1",","
"1",""
"1","162903"
"1",","
"1",""
"1","626938"
"1","
"
"1",","
"1",""
"1","163810"
"1",","
"1",""
"1","610874"
"1",","
"1",""
"1","840332"
"1",","
"1",""
"1","146538"
"1",","
"1",""
"1","600769"
"1",","
"1",""
"1","610957"
"1",","
"1",""
"1","1359873"
"1",","
"1",""
"1","577910"
"1",","
"1",""
"1","839179"
"1",","
"1",""
"1","608656"
"1","
"
"1",","
"1",""
"1","148990"
"1",","
"1",""
"1","163922"
"1",","
"1",""
"1","570461"
"1",","
"1",""
"1","601027"
"1",","
"1",""
"1","163408"
"1",","
"1",""
"1","608635"
"1",","
"1",""
"1","844915"
"1",","
"1",""
"1","172485"
"1",","
"1",""
"1","577724"
"1",","
"1",""
"1","176294"
"1","
"
"1",","
"1",""
"1","465382"
"1",","
"1",""
"1","622902"
"1",","
"1",""
"1","146576"
"1",","
"1",""
"1","670627"
"1",","
"1",""
"1","612511"
"1",","
"1",""
"1","576679"
"1",","
"1",""
"1","612515"
"1",","
"1",""
"1","146560"
"1",","
"1",""
"1","149377"
"1",","
"1",""
"1","622810"
"1","
"
"1",","
"1",""
"1","149204"
"1",","
"1",""
"1","163399"
"1",","
"1",""
"1","163401"
"1",","
"1",""
"1","146606"
"1",","
"1",""
"1","157061"
"1",","
"1",""
"1","601007"
"1",","
"1",""
"1","149524"
"1",","
"1",""
"1","233027"
"1",","
"1",""
"1","163080"
"1",","
"1",""
"1","110146"
"1","
"
"1",","
"1",""
"1","417228"
"1",","
"1",""
"1","120566"
"1",","
"1",""
"1","494102"
"1",","
"1",""
"1","105559"
"1",","
"1",""
"1","163089"
"1",","
"1",""
"1","17666"
"1",","
"1",""
"1","109920"
"1",","
"1",""
"1","110310"
"1",","
"1",""
"1","391509"
"1",","
"1",""
"1","233351"
"1","
"
"1",","
"1",""
"1","163049"
"1",","
"1",""
"1","109713"
"1",","
"1",""
"1","233857"
"1",","
"1",""
"1","183557"
"1",","
"1",""
"1","613622"
"1",","
"1",""
"1","134546"
"1",","
"1",""
"1","175319"
"1",","
"1",""
"1","160601"
"1",","
"1",""
"1","162998"
"1",","
"1",""
"1","119081"
"1","
"
"1",","
"1",""
"1","235825"
"1",","
"1",""
"1","567048"
"1",","
"1",""
"1","418136"
"1",","
"1",""
"1","233352"
"1",","
"1",""
"1","101236"
"1",","
"1",""
"1","109852"
"1",","
"1",""
"1","1304622"
"1",","
"1",""
"1","157080"
"1",","
"1",""
"1","608578"
"1",","
"1",""
"1","110039"
"1","
"
"1",","
"1",""
"1","109718"
"1",","
"1",""
"1","376081"
"1",","
"1",""
"1","146563"
"1",","
"1",""
"1","172436"
"1",","
"1",""
"1","178934"
"1",","
"1",""
"1","177465"
"1",","
"1",""
"1","248144"
"1",","
"1",""
"1","163520"
"1",","
"1",""
"1","106313"
"1",","
"1",""
"1","417328"
"1","
"
"1",","
"1",""
"1","839985"
"1",","
"1",""
"1","233115"
"1",","
"1",""
"1","163063"
"1",","
"1",""
"1","172385"
"1",","
"1",""
"1","837255"
"1",","
"1",""
"1","609460"
"1",","
"1",""
"1","177121"
"1",","
"1",""
"1","177138"
"1",","
"1",""
"1","447739"
"1",","
"1",""
"1","622807"
"1","
"
"1",","
"1",""
"1","109993"
"1",","
"1",""
"1","577626"
"1",","
"1",""
"1","118011"
"1",","
"1",""
"1","105518"
"1",","
"1",""
"1","172614"
"1",","
"1",""
"1","162837"
"1",","
"1",""
"1","109538"
"1",","
"1",""
"1","578550"
"1",","
"1",""
"1","134534"
"1",","
"1",""
"1","578476"
"1","
"
"1",","
"1",""
"1","248149"
"1",","
"1",""
"1","641580"
"1",","
"1",""
"1","621617"
"1",","
"1",""
"1","148934"
"1",","
"1",""
"1","388485"
"1",","
"1",""
"1","115129"
"1",","
"1",""
"1","493821"
"1",","
"1",""
"1","163816"
"1",","
"1",""
"1","149104"
"1",","
"1",""
"1","109925"
"1","
"
"1",","
"1",""
"1","235759"
"1",","
"1",""
"1","375958"
"1",","
"1",""
"1","233835"
"1",","
"1",""
"1","672032"
"1",","
"1",""
"1","576250"
"1",","
"1",""
"1","177473"
"1",","
"1",""
"1","149343"
"1",","
"1",""
"1","707830"
"1",","
"1",""
"1","146645"
"1",","
"1",""
"1","663583"
"1","
"
"1",","
"1",""
"1","162714"
"1",","
"1",""
"1","620842"
"1",","
"1",""
"1","246605"
"1",","
"1",""
"1","163452"
"1",","
"1",""
"1","163013"
"1",","
"1",""
"1","105601"
"1",","
"1",""
"1","418221"
"1",","
"1",""
"1","109809"
"1",","
"1",""
"1","134542"
"1",","
"1",""
"1","841190"
"1","
"
"1",","
"1",""
"1","109777"
"1",","
"1",""
"1","232716"
"1",","
"1",""
"1","163804"
"1",","
"1",""
"1","109499"
"1",","
"1",""
"1","109468"
"1",","
"1",""
"1","495333"
"1",","
"1",""
"1","157059"
"1",","
"1",""
"1","177480"
"1",","
"1",""
"1","109766"
"1",","
"1",""
"1","101206"
"1","
"
"1",","
"1",""
"1","149007"
"1",","
"1",""
"1","101207"
"1",","
"1",""
"1","157242"
"1",","
"1",""
"1","109492"
"1",","
"1",""
"1","248103"
"1",","
"1",""
"1","101179"
"1",","
"1",""
"1","148980"
"1",","
"1",""
"1","427290"
"1",","
"1",""
"1","146182"
"1",","
"1",""
"1","110291"
"1","
"
"1",","
"1",""
"1","162518"
"1",","
"1",""
"1","118027"
"1",","
"1",""
"1","134541"
"1",","
"1",""
"1","341300"
"1",","
"1",""
"1","663610"
"1",","
"1",""
"1","232901"
"1",","
"1",""
"1","109802"
"1",","
"1",""
"1","573482"
"1",","
"1",""
"1","249731"
"1",","
"1",""
"1","578585"
"1","
"
"1",","
"1",""
"1","247915"
"1",","
"1",""
"1","595215"
"1",","
"1",""
"1","157252"
"1",","
"1",""
"1","183556"
"1",","
"1",""
"1","106316"
"1",","
"1",""
"1","177635"
"1",","
"1",""
"1","149618"
"1",","
"1",""
"1","163098"
"1",","
"1",""
"1","155560"
"1",","
"1",""
"1","247944"
"1","
"
"1",","
"1",""
"1","149611"
"1",","
"1",""
"1","162865"
"1",","
"1",""
"1","247913"
"1",","
"1",""
"1","572005"
"1",","
"1",""
"1","104015"
"1",","
"1",""
"1","520952"
"1",","
"1",""
"1","389491"
"1",","
"1",""
"1","549221"
"1",","
"1",""
"1","345883"
"1",","
"1",""
"1","134527"
"1","
"
"1",","
"1",""
"1","196836"
"1",","
"1",""
"1","110228"
"1",","
"1",""
"1","104249"
"1",","
"1",""
"1","103357"
"1",","
"1",""
"1","128569"
"1",","
"1",""
"1","23020"
"1",","
"1",""
"1","1337"
"1",","
"1",""
"1","103367"
"1",","
"1",""
"1","148378"
"1",","
"1",""
"1","104075"
"1","
"
"1",","
"1",""
"1","101417"
"1",","
"1",""
"1","103358"
"1",","
"1",""
"1","128545"
"1",","
"1",""
"1","104257"
"1",","
"1",""
"1","154102"
"1",","
"1",""
"1","152352"
"1",","
"1",""
"1","104251"
"1",","
"1",""
"1","128586"
"1",","
"1",""
"1","104253"
"1",","
"1",""
"1","104262"
"1","
"
"1",","
"1",""
"1","104517"
"1",","
"1",""
"1","123084"
"1",","
"1",""
"1","22626"
"1",","
"1",""
"1","196125"
"1",","
"1",""
"1","105450"
"1",","
"1",""
"1","104097"
"1",","
"1",""
"1","135220"
"1",","
"1",""
"1","123080"
"1",","
"1",""
"1","154107"
"1",","
"1",""
"1","134992"
"1","
"
"1",","
"1",""
"1","146419"
"1",","
"1",""
"1","196874"
"1",","
"1",""
"1","1249"
"1",","
"1",""
"1","1292"
"1",","
"1",""
"1","104082"
"1",","
"1",""
"1","125522"
"1",","
"1",""
"1","127126"
"1",","
"1",""
"1","1824"
"1",","
"1",""
"1","100678"
"1",","
"1",""
"1","157680"
"1","
"
"1",","
"1",""
"1","793"
"1",","
"1",""
"1","117183"
"1",","
"1",""
"1","131568"
"1",","
"1",""
"1","119822"
"1",","
"1",""
"1","126109"
"1",","
"1",""
"1","123922"
"1",","
"1",""
"1","125732"
"1",","
"1",""
"1","142062"
"1",","
"1",""
"1","131554"
"1",","
"1",""
"1","107398"
"1","
"
"1",","
"1",""
"1","107689"
"1",","
"1",""
"1","159919"
"1",","
"1",""
"1","106358"
"1",","
"1",""
"1","101796"
"1",","
"1",""
"1","160648"
"1",","
"1",""
"1","369319"
"1",","
"1",""
"1","233480"
"1",","
"1",""
"1","162877"
"1",","
"1",""
"1","1371463"
"1",","
"1",""
"1","103987"
"1","
"
"1",","
"1",""
"1","105557"
"1",","
"1",""
"1","105558"
"1",","
"1",""
"1","103989"
"1",","
"1",""
"1","160549"
"1",","
"1",""
"1","149622"
"1",","
"1",""
"1","178204"
"1",","
"1",""
"1","156613"
"1",","
"1",""
"1","732333"
"1",","
"1",""
"1","109509"
"1",","
"1",""
"1","663581"
"1","
"
"1",","
"1",""
"1","109773"
"1",","
"1",""
"1","235934"
"1",","
"1",""
"1","233754"
"1",","
"1",""
"1","341295"
"1",","
"1",""
"1","612498"
"1",","
"1",""
"1","658366"
"1",","
"1",""
"1","157458"
"1",","
"1",""
"1","172418"
"1",","
"1",""
"1","571649"
"1",","
"1",""
"1","109791"
"1","
"
"1",","
"1",""
"1","109800"
"1",","
"1",""
"1","232792"
"1",","
"1",""
"1","109825"
"1",","
"1",""
"1","149035"
"1",","
"1",""
"1","624976"
"1",","
"1",""
"1","417184"
"1",","
"1",""
"1","495357"
"1",","
"1",""
"1","149061"
"1",","
"1",""
"1","179314"
"1",","
"1",""
"1","231799"
"1","
"
"1",","
"1",""
"1","134531"
"1",","
"1",""
"1","248135"
"1",","
"1",""
"1","172799"
"1",","
"1",""
"1","248141"
"1",","
"1",""
"1","595197"
"1",","
"1",""
"1","109504"
"1",","
"1",""
"1","425487"
"1",","
"1",""
"1","164053"
"1",","
"1",""
"1","623185"
"1",","
"1",""
"1","175790"
"1","
"
"1",","
"1",""
"1","233093"
"1",","
"1",""
"1","660753"
"1",","
"1",""
"1","157081"
"1",","
"1",""
"1","707927"
"1",","
"1",""
"1","146618"
"1",","
"1",""
"1","115186"
"1",","
"1",""
"1","117212"
"1",","
"1",""
"1","1065"
"1",","
"1",""
"1","103483"
"1",","
"1",""
"1","106361"
"1","
"
"1",","
"1",""
"1","106362"
"1",","
"1",""
"1","106393"
"1",","
"1",""
"1","1606"
"1",","
"1",""
"1","149847"
"1",","
"1",""
"1","137222"
"1",","
"1",""
"1","123082"
"1",","
"1",""
"1","22528"
"1",","
"1",""
"1","119930"
"1",","
"1",""
"1","110690"
"1",","
"1",""
"1","106401"
"1","
"
"1",","
"1",""
"1","1381675"
"1",","
"1",""
"1","135335"
"1",","
"1",""
"1","117211"
"1",","
"1",""
"1","104811"
"1",","
"1",""
"1","110708"
"1",","
"1",""
"1","110711"
"1",","
"1",""
"1","237874"
"1",","
"1",""
"1","117252"
"1",","
"1",""
"1","117527"
"1",","
"1",""
"1","22754"
"1","
"
"1",","
"1",""
"1","146420"
"1",","
"1",""
"1","148971"
"1",","
"1",""
"1","148907"
"1",","
"1",""
"1","345465"
"1",","
"1",""
"1","109396"
"1",","
"1",""
"1","109390"
"1",","
"1",""
"1","115070"
"1",","
"1",""
"1","149015"
"1",","
"1",""
"1","109478"
"1",","
"1",""
"1","110326"
"1","
"
"1",","
"1",""
"1","172797"
"1",","
"1",""
"1","175317"
"1",","
"1",""
"1","157438"
"1",","
"1",""
"1","465389"
"1",","
"1",""
"1","148981"
"1",","
"1",""
"1","178194"
"1",","
"1",""
"1","21001"
"1",","
"1",""
"1","708245"
"1",","
"1",""
"1","149233"
"1",","
"1",""
"1","109882"
"1","
"
"1",","
"1",""
"1","345498"
"1",","
"1",""
"1","957579"
"1",","
"1",""
"1","110087"
"1",","
"1",""
"1","109659"
"1",","
"1",""
"1","110043"
"1",","
"1",""
"1","992758"
"1",","
"1",""
"1","149176"
"1",","
"1",""
"1","149356"
"1",","
"1",""
"1","149138"
"1",","
"1",""
"1","160093"
"1","
"
"1",","
"1",""
"1","577670"
"1",","
"1",""
"1","125741"
"1",","
"1",""
"1","532029"
"1",","
"1",""
"1","149187"
"1",","
"1",""
"1","109406"
"1",","
"1",""
"1","238840"
"1",","
"1",""
"1","341353"
"1",","
"1",""
"1","602678"
"1",","
"1",""
"1","149345"
"1",","
"1",""
"1","109486"
"1","
"
"1",","
"1",""
"1","149374"
"1",","
"1",""
"1","149031"
"1",","
"1",""
"1","109431"
"1",","
"1",""
"1","162929"
"1",","
"1",""
"1","1289276"
"1",","
"1",""
"1","17638"
"1",","
"1",""
"1","841211"
"1",","
"1",""
"1","163858"
"1",","
"1",""
"1","109517"
"1",","
"1",""
"1","149136"
"1","
"
"1",","
"1",""
"1","109569"
"1",","
"1",""
"1","146232"
"1",","
"1",""
"1","163241"
"1",","
"1",""
"1","109939"
"1",","
"1",""
"1","109467"
"1",","
"1",""
"1","109649"
"1",","
"1",""
"1","567120"
"1",","
"1",""
"1","109534"
"1",","
"1",""
"1","110023"
"1",","
"1",""
"1","232496"
"1","
"
"1",","
"1",""
"1","231762"
"1",","
"1",""
"1","109516"
"1",","
"1",""
"1","616809"
"1",","
"1",""
"1","368664"
"1",","
"1",""
"1","149165"
"1",","
"1",""
"1","149224"
"1",","
"1",""
"1","178734"
"1",","
"1",""
"1","109871"
"1",","
"1",""
"1","663628"
"1",","
"1",""
"1","109525"
"1","
"
"1",","
"1",""
"1","109556"
"1",","
"1",""
"1","960571"
"1",","
"1",""
"1","117117"
"1",","
"1",""
"1","117988"
"1",","
"1",""
"1","117095"
"1",","
"1",""
"1","117836"
"1",","
"1",""
"1","117178"
"1",","
"1",""
"1","116998"
"1",","
"1",""
"1","117978"
"1",","
"1",""
"1","117725"
"1","
"
"1",","
"1",""
"1","117755"
"1",","
"1",""
"1","117747"
"1",","
"1",""
"1","117947"
"1",","
"1",""
"1","135484"
"1",","
"1",""
"1","135496"
"1",","
"1",""
"1","135338"
"1",","
"1",""
"1","135441"
"1",","
"1",""
"1","135259"
"1",","
"1",""
"1","135263"
"1",","
"1",""
"1","1361"
"1","
"
"1",","
"1",""
"1","127482"
"1",","
"1",""
"1","157675"
"1",","
"1",""
"1","104103"
"1",","
"1",""
"1","234125"
"1",","
"1",""
"1","104204"
"1",","
"1",""
"1","104757"
"1",","
"1",""
"1","247924"
"1",","
"1",""
"1","106422"
"1",","
"1",""
"1","119777"
"1",","
"1",""
"1","135513"
"1","
"
"1",","
"1",""
"1","119816"
"1",","
"1",""
"1","101800"
"1",","
"1",""
"1","110671"
"1",","
"1",""
"1","254316"
"1",","
"1",""
"1","107254"
"1",","
"1",""
"1","138122"
"1",","
"1",""
"1","138101"
"1",","
"1",""
"1","105464"
"1",","
"1",""
"1","15177"
"1",","
"1",""
"1","10313"
"1","
"
"1",","
"1",""
"1","125516"
"1",","
"1",""
"1","1818"
"1",","
"1",""
"1","137272"
"1",","
"1",""
"1","594013"
"1",","
"1",""
"1","135305"
"1",","
"1",""
"1","847452"
"1",","
"1",""
"1","720592"
"1",","
"1",""
"1","110679"
"1",","
"1",""
"1","110709"
"1",","
"1",""
"1","164"
"1","
"
"1",","
"1",""
"1","149488"
"1",","
"1",""
"1","149009"
"1",","
"1",""
"1","979713"
"1",","
"1",""
"1","495697"
"1",","
"1",""
"1","963677"
"1",","
"1",""
"1","562620"
"1",","
"1",""
"1","663594"
"1",","
"1",""
"1","109433"
"1",","
"1",""
"1","23123"
"1",","
"1",""
"1","416523"
"1","
"
"1",","
"1",""
"1","234066"
"1",","
"1",""
"1","152195"
"1",","
"1",""
"1","596365"
"1",","
"1",""
"1","2824"
"1",","
"1",""
"1","129646"
"1",","
"1",""
"1","1453014"
"1",","
"1",""
"1","106528"
"1",","
"1",""
"1","140600"
"1",","
"1",""
"1","103251"
"1",","
"1",""
"1","103256"
"1","
"
"1",","
"1",""
"1","117743"
"1",","
"1",""
"1","135366"
"1",","
"1",""
"1","128954"
"1",","
"1",""
"1","152192"
"1",","
"1",""
"1","871888"
"1",","
"1",""
"1","423767"
"1",","
"1",""
"1","325384"
"1",","
"1",""
"1","116183"
"1",","
"1",""
"1","334946"
"1",","
"1",""
"1","391906"
"1","
"
"1",","
"1",""
"1","104897"
"1",","
"1",""
"1","149720"
"1",","
"1",""
"1","1103"
"1",","
"1",""
"1","126281"
"1",","
"1",""
"1","127190"
"1",","
"1",""
"1","126751"
"1",","
"1",""
"1","126868"
"1",","
"1",""
"1","125909"
"1",","
"1",""
"1","127153"
"1",","
"1",""
"1","126417"
"1","
"
"1",","
"1",""
"1","126878"
"1",","
"1",""
"1","126792"
"1",","
"1",""
"1","126448"
"1",","
"1",""
"1","126964"
"1",","
"1",""
"1","126449"
"1",","
"1",""
"1","126513"
"1",","
"1",""
"1","127379"
"1",","
"1",""
"1","150637"
"1",","
"1",""
"1","150630"
"1",","
"1",""
"1","127136"
"1","
"
"1",","
"1",""
"1","126898"
"1",","
"1",""
"1","126436"
"1",","
"1",""
"1","126754"
"1",","
"1",""
"1","126755"
"1",","
"1",""
"1","126756"
"1",","
"1",""
"1","127137"
"1",","
"1",""
"1","125911"
"1",","
"1",""
"1","126965"
"1",","
"1",""
"1","154675"
"1",","
"1",""
"1","127139"
"1","
"
"1",","
"1",""
"1","127219"
"1",","
"1",""
"1","127220"
"1",","
"1",""
"1","126768"
"1",","
"1",""
"1","126437"
"1",","
"1",""
"1","127140"
"1",","
"1",""
"1","127201"
"1",","
"1",""
"1","127203"
"1",","
"1",""
"1","126996"
"1",","
"1",""
"1","154473"
"1",","
"1",""
"1","126927"
"1","
"
"1",","
"1",""
"1","126928"
"1",","
"1",""
"1","127147"
"1",","
"1",""
"1","126930"
"1",","
"1",""
"1","126440"
"1",","
"1",""
"1","126441"
"1",","
"1",""
"1","126442"
"1",","
"1",""
"1","273571"
"1",","
"1",""
"1","127023"
"1",","
"1",""
"1","126425"
"1",","
"1",""
"1","126175"
"1","
"
"1",","
"1",""
"1","127204"
"1",","
"1",""
"1","126444"
"1",","
"1",""
"1","126446"
"1",","
"1",""
"1","126822"
"1",","
"1",""
"1","140227"
"1",","
"1",""
"1","137212"
"1",","
"1",""
"1","236816"
"1",","
"1",""
"1","104173"
"1",","
"1",""
"1","346509"
"1",","
"1",""
"1","160671"
"1","
"
"1",","
"1",""
"1","162255"
"1",","
"1",""
"1","164110"
"1",","
"1",""
"1","149173"
"1",","
"1",""
"1","149274"
"1",","
"1",""
"1","149396"
"1",","
"1",""
"1","248063"
"1",","
"1",""
"1","292728"
"1",","
"1",""
"1","248180"
"1",","
"1",""
"1","601957"
"1",","
"1",""
"1","231883"
"1","
"
"1",","
"1",""
"1","149217"
"1",","
"1",""
"1","341502"
"1",","
"1",""
"1","555293"
"1",","
"1",""
"1","841248"
"1",","
"1",""
"1","231793"
"1",","
"1",""
"1","109490"
"1",","
"1",""
"1","841261"
"1",","
"1",""
"1","109505"
"1",","
"1",""
"1","555889"
"1",","
"1",""
"1","235828"
"1","
"
"1",","
"1",""
"1","555900"
"1",","
"1",""
"1","235823"
"1",","
"1",""
"1","615435"
"1",","
"1",""
"1","248178"
"1",","
"1",""
"1","626382"
"1",","
"1",""
"1","236039"
"1",","
"1",""
"1","235979"
"1",","
"1",""
"1","235937"
"1",","
"1",""
"1","22556"
"1",","
"1",""
"1","17644"
"1","
"
"1",","
"1",""
"1","415082"
"1",","
"1",""
"1","292898"
"1",","
"1",""
"1","341668"
"1",","
"1",""
"1","172321"
"1",","
"1",""
"1","292924"
"1",","
"1",""
"1","425488"
"1",","
"1",""
"1","292925"
"1",","
"1",""
"1","427744"
"1",","
"1",""
"1","163573"
"1",","
"1",""
"1","605376"
"1","
"
"1",","
"1",""
"1","149068"
"1",","
"1",""
"1","149220"
"1",","
"1",""
"1","231851"
"1",","
"1",""
"1","109887"
"1",","
"1",""
"1","109533"
"1",","
"1",""
"1","109428"
"1",","
"1",""
"1","109425"
"1",","
"1",""
"1","115058"
"1",","
"1",""
"1","732974"
"1",","
"1",""
"1","110185"
"1","
"
"1",","
"1",""
"1","393573"
"1",","
"1",""
"1","101190"
"1",","
"1",""
"1","148915"
"1",","
"1",""
"1","573470"
"1",","
"1",""
"1","110014"
"1",","
"1",""
"1","109740"
"1",","
"1",""
"1","437911"
"1","
"
"1","by id .............................................. DONE
"
"0","#save the updated Aphia ID and taxon list"
"0","fwrite(df_wms, paste0(dir_main, ""aphia_ids_and_names_from_worms.csv""))"
"0",""
"0","#replace taxon scientific names from WoRMS for relevant Aphia IDs in abundance data and sum per sample"
"0","df_abund$taxon2 <- df_wms$scientificname[match(df_abund$aphia_id, df_wms$AphiaID)]"
"0","df_abund$taxon2[is.na(df_abund$taxon2)] <- df_abund$taxon[is.na(df_abund$taxon2)]"
"0","df_abund$taxon <- df_abund$taxon2"
"0","df_abund$taxon2 <- NULL"
"0","rm(df_wms)"
"0",""
"0","df_abund <- df_abund %>%"
"0","  dplyr::select(-comment) %>%"
"0","  group_by(across(c(-abundance))) %>%"
"0","  dplyr::summarise(abundance = sum(abundance),"
"0","            .groups = ""drop"")"
